year,SOC,SIC,STC,N,C/N
2012,14.2261673569679,6.7125,20.938667356967898,1.74977067857981,12.481756683321489
2014,14.98489907979965,7.9,22.884899079799652,1.7532166093587902,13.57317607115435
2016,13.270260547531967,5.484444444444443,18.7547049919764,1.7399099717537567,11.22309163228626
2018,15.1643074274063,4.3,19.4643074274063,1.9239078710476567,10.399164411673807
2020,14.74435,3.3536,18.09795,1.9614500000000001,9.22682199393306
