year,SOC,SIC,STC,N,C/N
2012,12.46928615,10.49166667,22.96095282,1.64851604,14.45851565
2014,14.48135557,9.975,24.45635557,1.719360128,14.56478768
2016,15.41832077,5.295,20.71332077,1.840573574,11.82023056
2018,14.91932034,6.25,21.16932034,1.855669531,11.91004258
2020,16.1858,3.8029,19.9887,1.9448,10.27802345
