year,SOC,SIC,STC,N,C/N
2012,12.164091777801525,11.55,23.71409177780155,1.378941610455515,17.394694613097947
2014,12.9267883300781,8.125,21.0517883300781,1.657668463885785,13.352373972316016
2016,15.9681517680486,5.333333333333333,21.30148510138193,1.8826451897621135,11.844474236871896
2018,15.033399240175902,5.6499999999999995,20.683399240175902,1.9067321469386433,11.251682153841493
2020,16.6919,3.5647,20.2566,2.10285,9.632926742278336
