year,SOC,SIC,STC,N,C/N
2012,11.638730871677382,8.95,20.5887308716774,1.698385514318945,12.38359118349098
2014,12.44626766443252,11.5,23.946267664432497,1.4003046602010725,17.7941215171551
2016,15.845344376564,8.216666666666667,24.0620110432307,1.6098488122224792,16.5000214233006
2018,13.318077294031768,10.866666666666667,24.18474396069843,1.6505278274416897,15.753514729855501
2020,14.777000000000001,9.81945,24.59645,1.71225,14.364987589429115
