year,SOC,SIC,STC,N,C/N
2012,13.97354363203045,10.95,24.92354363203045,1.6590759716928,16.0129283545676
2014,13.74709560871125,11.1,24.8470956087113,1.6410508565604651,15.823591185162702
2016,15.6790230035782,7.983333333333333,23.662356336911532,1.8133175745606434,14.102623598435843
2018,15.763243913650498,7.833333333333333,23.59657724698383,1.9713207582632701,12.85851378641596
2020,16.8583,6.08675,22.945050000000002,2.1151999999999997,10.847697617246599
