year,SOC,SIC,STC,N,C/N
2012,12.021939885616316,8.925,20.946939885616302,1.53722837567329,13.98001576650915
2014,13.6339701652527,12.35,25.9839701652527,1.72568140551448,15.418518234555648
2016,16.6246992482079,7.694444444444433,24.319143692652364,1.89906028409799,13.570944000764205
2018,17.091614818573,8.733333333333333,25.82494815190633,2.069110721349713,13.305531182110721
2020,19.306,7.2073,26.5133,2.25715,11.746361562146955
