year,SOC,SIC,STC,N,C/N
2012,14.9205165108045,11.04166666666665,25.96218317747115,1.429206058382989,18.991705064656053
2014,15.735175609588651,7.5,23.2351756095886,1.7001845687627801,14.10361217007835
2016,14.618970703548866,6.675555555555557,21.294526259104398,1.8037977317968998,12.600770237803848
2018,17.1121432940165,5.566666666666666,22.678809960683168,2.017753894130387,11.782797336522043
2020,17.2985,4.30145,21.59995,2.1980500000000003,9.826869270489752
