year,SOC,SIC,STC,N,C/N
2012,13.06634777,10.84966667,23.91601443,1.752763931,14.24507301
2014,16.36330435,11.775,28.13830435,1.750125103,16.65610946
2016,14.28422974,7.727777778,22.01200752,1.918900684,12.39479088
2018,16.04489008,6.466666667,22.51155674,1.953936157,12.07821959
2020,15.9696,4.65705,20.62665,2.0546,10.03925338
