year,SOC,SIC,STC,N,C/N
2012,11.99269786675769,9.925,21.9176978667577,1.49884643033147,15.64497553187385
2014,14.11348984241485,8.899999999999999,23.01348984241485,1.6820009797811548,14.19463296494865
2016,15.834894990921034,6.233333333333333,22.068228324254367,1.8550742790102968,12.888814736974716
2018,18.032859659194965,5.733333333333333,23.7661929925283,2.1854363630215334,11.483865143001282
2020,20.133499999999998,4.0649,24.1984,2.4311499999999997,9.953478806326226
