year,SOC,SIC,STC,N,C/N
2012,14.3274323940277,13.95833333333335,28.285765727361,1.895495802164075,15.1997829025259
2014,14.60923766708375,9.3915,24.000737667083747,1.65061941370368,15.370424689521249
2016,14.317465575536099,6.3,20.6174655755361,1.8120707819859165,12.143385053896589
2018,14.799450160631167,5.5,20.299450160631167,1.9300545255343098,10.994638526277557
2020,14.78965,3.0012,17.79085,2.0164999999999997,8.82263823456484
