year,SOC,SIC,STC,N,C/N
2012,13.677481174469001,9.541666666666664,23.21914784113565,1.763730868697165,13.41229513946
2014,14.968442058563202,7.15,22.1184420585632,1.6947802901268,13.509831338850951
2016,14.028018879890434,6.7,20.728018879890435,1.8334182600180267,11.945594638077312
2018,14.5813936948776,2.8166666666666664,17.398060361544267,1.8654495974381768,9.564031678359457
2020,14.4421,1.8855,16.3276,1.94105,8.411735916127869
