year,SOC,SIC,STC,N,C/N
2012,13.4745335539182,11.875,25.3495335539182,1.648023203015325,17.020658860617303
2014,12.735764467716216,9.600000000000001,22.3357644677162,1.374505069106815,16.69590039210555
2016,14.502588041623447,7.783333333333334,22.285921374956768,1.8366412942608201,12.799613004302683
2018,15.855964112281802,4.7,20.5559641122818,1.9773648679256433,10.667015678995872
2020,17.2,3.12215,20.32215,2.23695,9.084758264601353
